{"_runtime":4846,"lr":6e-05,"train/loss":3.064166784286499,"_step":30,"mfu":107.90658952419854,"val/loss":3.334623336791992,"_timestamp":1.7570657540003633e+09,"iter":30000,"_wandb":{"runtime":4846}}